[{"model": "contenttypes.contenttype", "pk": 111, "fields": {"app_label": "admin", "model": "logentry"}}, {"model": "contenttypes.contenttype", "pk": 112, "fields": {"app_label": "auth", "model": "permission"}}, {"model": "contenttypes.contenttype", "pk": 113, "fields": {"app_label": "auth", "model": "group"}}, {"model": "contenttypes.contenttype", "pk": 114, "fields": {"app_label": "auth", "model": "user"}}, {"model": "contenttypes.contenttype", "pk": 115, "fields": {"app_label": "contenttypes", "model": "contenttype"}}, {"model": "contenttypes.contenttype", "pk": 116, "fields": {"app_label": "sessions", "model": "session"}}, {"model": "contenttypes.contenttype", "pk": 117, "fields": {"app_label": "core", "model": "ramo"}}, {"model": "contenttypes.contenttype", "pk": 118, "fields": {"app_label": "core", "model": "profe"}}, {"model": "contenttypes.contenttype", "pk": 119, "fields": {"app_label": "core", "model": "comentario"}}, {"model": "contenttypes.contenttype", "pk": 120, "fields": {"app_label": "core", "model": "sugerencia"}}, {"model": "sessions.session", "pk": "kmesa1bhbouhaqz44tibkz3a6u10vkuc", "fields": {"session_data": "YjNjY2UyZWQyZWQzNmRhMTc0OTZiMWI4N2Q4MGU1N2Y2MzI3MWU5NTp7Il9hdXRoX3VzZXJfaGFzaCI6Ijk1MDFjMDI0YjU1Njg4NDBiZWM4MGY2NjdiOGZlMWE1YjI1OTVjZjAiLCJfYXV0aF91c2VyX2JhY2tlbmQiOiJkamFuZ28uY29udHJpYi5hdXRoLmJhY2tlbmRzLk1vZGVsQmFja2VuZCIsIl9hdXRoX3VzZXJfaWQiOiIxMiJ9", "expire_date": "2017-07-10T18:54:50.024Z"}}, {"model": "sessions.session", "pk": "zxiobwoc6pn0et1qmb9c2x62z4nq0hnt", "fields": {"session_data": "YjNjY2UyZWQyZWQzNmRhMTc0OTZiMWI4N2Q4MGU1N2Y2MzI3MWU5NTp7Il9hdXRoX3VzZXJfaGFzaCI6Ijk1MDFjMDI0YjU1Njg4NDBiZWM4MGY2NjdiOGZlMWE1YjI1OTVjZjAiLCJfYXV0aF91c2VyX2JhY2tlbmQiOiJkamFuZ28uY29udHJpYi5hdXRoLmJhY2tlbmRzLk1vZGVsQmFja2VuZCIsIl9hdXRoX3VzZXJfaWQiOiIxMiJ9", "expire_date": "2017-07-11T02:58:17.721Z"}}, {"model": "core.ramo", "pk": 0, "fields": {"name": "Fisicoquimica", "code": "CM2004"}}, {"model": "core.ramo", "pk": 1, "fields": {"name": "Algoritmos y estructuras de datos", "code": "CC3001"}}, {"model": "core.ramo", "pk": 2, "fields": {"name": "Electromagnetismo", "code": "FI2002"}}, {"model": "core.ramo", "pk": 3, "fields": {"name": "Termodinamica", "code": "FI2004"}}, {"model": "core.ramo", "pk": 4, "fields": {"name": "Calculo diferencial e integral", "code": "MA1002"}}, {"model": "core.ramo", "pk": 5, "fields": {"name": "Mecanica", "code": "FI2001"}}, {"model": "core.profe", "pk": 0, "fields": {"name": "Jorge San Martin ", "ramos": [4]}}, {"model": "core.profe", "pk": 1, "fields": {"name": "Alvaro Munoz", "ramos": [2]}}, {"model": "core.profe", "pk": 2, "fields": {"name": "Andres Meza", "ramos": [2]}}, {"model": "core.profe", "pk": 3, "fields": {"name": "Gonzalo Palma", "ramos": [2, 5]}}, {"model": "core.profe", "pk": 4, "fields": {"name": "Natacha Astromujoff", "ramos": [4]}}, {"model": "core.profe", "pk": 5, "fields": {"name": "Jeremy Barbay", "ramos": [1]}}, {"model": "core.profe", "pk": 6, "fields": {"name": "Luis Vargas", "ramos": [2]}}, {"model": "core.profe", "pk": 7, "fields": {"name": "Guillermo Blanc", "ramos": [3]}}, {"model": "core.profe", "pk": 8, "fields": {"name": "Ricardo Munoz", "ramos": [4]}}, {"model": "core.profe", "pk": 9, "fields": {"name": "Nelson Baloian", "ramos": [1]}}, {"model": "core.profe", "pk": 10, "fields": {"name": "Edgar Mosquera", "ramos": [0]}}, {"model": "core.profe", "pk": 11, "fields": {"name": "Leonardo Sanchez", "ramos": [4]}}, {"model": "core.profe", "pk": 12, "fields": {"name": "Ricardo Letelier", "ramos": [0]}}, {"model": "core.profe", "pk": 13, "fields": {"name": "Matias Montesinos", "ramos": [2]}}, {"model": "core.profe", "pk": 14, "fields": {"name": "Claudio Romero", "ramos": [5]}}, {"model": "core.profe", "pk": 15, "fields": {"name": "Marcel Clerc", "ramos": [4]}}, {"model": "core.profe", "pk": 16, "fields": {"name": "Victor Fuenzalida", "ramos": [3]}}, {"model": "core.profe", "pk": 17, "fields": {"name": "Andres Escala", "ramos": [5]}}, {"model": "core.profe", "pk": 18, "fields": {"name": "Daniela Mancilla", "ramos": [2]}}, {"model": "core.profe", "pk": 19, "fields": {"name": "Raul Uribe", "ramos": [4]}}, {"model": "core.profe", "pk": 20, "fields": {"name": "Benjamin Bustos", "ramos": [1]}}, {"model": "core.profe", "pk": 21, "fields": {"name": "Patricio Cordero", "ramos": [2]}}, {"model": "core.profe", "pk": 22, "fields": {"name": "Mario Riquelme", "ramos": [2]}}, {"model": "core.profe", "pk": 23, "fields": {"name": "Patricio Poblete", "ramos": [1]}}, {"model": "core.profe", "pk": 24, "fields": {"name": "Luis Campusano", "ramos": [3]}}, {"model": "core.comentario", "pk": 71, "fields": {"texto": "El profesor es bueno, intenta adecuarse al ritmo del curso aunque a veces piensa que las cosas son \"triviales\". Igualmente considero que la catedra no es imprescindible para pasar el curso, pues es casi meramente teorica y no se ocupan herramientas para que uno entienda, mas que la clase convencional.", "profe": 11, "ramo": 4, "importancia_asistencia_catedra": 2, "importancia_asistencia_auxiliar": 6, "exigencia_ramo_profesor": 5, "metodos_profesor": 5, "recomienda": true, "semestre": "P", "year": 2016, "timestamp": "2017-06-26T16:52:28.127Z"}}, {"model": "core.comentario", "pk": 72, "fields": {"texto": "", "profe": 23, "ramo": 1, "importancia_asistencia_catedra": 5, "importancia_asistencia_auxiliar": 6, "exigencia_ramo_profesor": 5, "metodos_profesor": 4, "recomienda": false, "semestre": "O", "year": 2017, "timestamp": "2017-06-26T16:52:28.127Z"}}, {"model": "core.comentario", "pk": 73, "fields": {"texto": "", "profe": 21, "ramo": 2, "importancia_asistencia_catedra": 6, "importancia_asistencia_auxiliar": 7, "exigencia_ramo_profesor": 5, "metodos_profesor": 5, "recomienda": true, "semestre": "P", "year": 2016, "timestamp": "2017-06-26T16:52:28.127Z"}}, {"model": "core.comentario", "pk": 74, "fields": {"texto": "palma es el mejor profe del mundo, te inspira amor por la fisica. El ramo se puede pasar sin ir a ninguna clase, pero la experiencia de escuchar sus clases y los ejemplos que da son bacanes", "profe": 3, "ramo": 5, "importancia_asistencia_catedra": 4, "importancia_asistencia_auxiliar": 5, "exigencia_ramo_profesor": 4, "metodos_profesor": 7, "recomienda": true, "semestre": "O", "year": 2015, "timestamp": "2017-06-26T16:52:28.127Z"}}, {"model": "core.comentario", "pk": 75, "fields": {"texto": "Me abrio los ojos a ver la fisica de otra manera. Ahora estudio mecanica, sin embargo mi verdadera pasion es la fisica gracias a el. Realmente agradezco haber pasado por su clase.", "profe": 15, "ramo": 5, "importancia_asistencia_catedra": 5, "importancia_asistencia_auxiliar": 5, "exigencia_ramo_profesor": 5, "metodos_profesor": 7, "recomienda": true, "semestre": "O", "year": 2013, "timestamp": "2017-06-26T16:52:28.127Z"}}, {"model": "core.comentario", "pk": 76, "fields": {"texto": "Excelente ramo para tomar como electivo :)", "profe": 9, "ramo": 1, "importancia_asistencia_catedra": 4, "importancia_asistencia_auxiliar": 1, "exigencia_ramo_profesor": 5, "metodos_profesor": 7, "recomienda": true, "semestre": "O", "year": 2016, "timestamp": "2017-06-26T16:52:28.127Z"}}, {"model": "core.comentario", "pk": 77, "fields": {"texto": "Pense que Mecanica seria el ramo que me terminaria echando este semestre, tenia mucha mucha pera. \nAl llegar a la primera catedra no espera nada especial, el mismo sistema de los ramos fisicos donde el profesor no es muy bueno explicando y termina complicando mas la materia, pero me encontre con un profesor que se preocupaba mucho por los alumnos, bastante humano por decirlo de alguna forma. (Cada vez que cometia un error nos pedia disculpas y siempre estaba dispuesto a escuchar las preguntas y opiniones de todos los que preguntaban\nRespecto a las evaluaciones se dio cuenta que sus ejercicios terminaban perjudicando a sus alumnos y decidio que se hicieran dos auxiliares. Tambien agrego un sistema de tareas que se ponderarian con el examen en caso que el promedio fuera menor a 40. En los controles tiende a repetir algunos ejercicios de anos anteriores con ciertos cambios, intenta no hacer las cosas imposibles pero hay veces que no se da cuenta que son algo complejos.\nLo recomiendo un millon de veces, aprendi mucho con el profesor.", "profe": 22, "ramo": 5, "importancia_asistencia_catedra": 4, "importancia_asistencia_auxiliar": 7, "exigencia_ramo_profesor": 6, "metodos_profesor": 7, "recomienda": true, "semestre": "O", "year": 2017, "timestamp": "2017-06-26T16:52:28.127Z"}}, {"model": "core.comentario", "pk": 78, "fields": {"texto": "100% recomendado, 100%!!! Se aprende (tambien tome con Barra y no aprendi nada, es super desordenado) y se aprueba.", "profe": 7, "ramo": 3, "importancia_asistencia_catedra": 5, "importancia_asistencia_auxiliar": 5, "exigencia_ramo_profesor": 4, "metodos_profesor": 7, "recomienda": true, "semestre": "O", "year": 2016, "timestamp": "2017-06-26T16:52:28.127Z"}}, {"model": "core.comentario", "pk": 79, "fields": {"texto": "", "profe": 17, "ramo": 5, "importancia_asistencia_catedra": 3, "importancia_asistencia_auxiliar": 7, "exigencia_ramo_profesor": 6, "metodos_profesor": 4, "recomienda": true, "semestre": "O", "year": 2017, "timestamp": "2017-06-26T16:52:28.127Z"}}, {"model": "core.comentario", "pk": 80, "fields": {"texto": "San Martin es uno de los mejores profes, explicaba muy bien, nuestra seccion tenia mejores promedios en los controles, altamente recomendado.", "profe": 0, "ramo": 4, "importancia_asistencia_catedra": 4, "importancia_asistencia_auxiliar": 5, "exigencia_ramo_profesor": 5, "metodos_profesor": 7, "recomienda": true, "semestre": "P", "year": 2016, "timestamp": "2017-06-26T16:52:28.127Z"}}, {"model": "core.comentario", "pk": 81, "fields": {"texto": "Curso muy util para el aprendizaje pero que no aporta nada a la hora de ir a clases o no.", "profe": 5, "ramo": 1, "importancia_asistencia_catedra": 1, "importancia_asistencia_auxiliar": 1, "exigencia_ramo_profesor": 4, "metodos_profesor": 5, "recomienda": true, "semestre": "P", "year": 2016, "timestamp": "2017-06-26T16:52:28.127Z"}}, {"model": "core.comentario", "pk": 82, "fields": {"texto": "El profe no es rajon y no hace ejercicios, siempre se preocupa de como les va a los alumnos, es bastante recomendado.", "profe": 17, "ramo": 5, "importancia_asistencia_catedra": 4, "importancia_asistencia_auxiliar": 6, "exigencia_ramo_profesor": 6, "metodos_profesor": 5, "recomienda": true, "semestre": "O", "year": 2017, "timestamp": "2017-06-26T16:52:28.127Z"}}, {"model": "core.comentario", "pk": 83, "fields": {"texto": "encuentro que es buen profe, y ensena bien, pero a veces era un poco pesado para responder dudas", "profe": 23, "ramo": 1, "importancia_asistencia_catedra": 3, "importancia_asistencia_auxiliar": 5, "exigencia_ramo_profesor": 4, "metodos_profesor": 5, "recomienda": true, "semestre": "O", "year": 2016, "timestamp": "2017-06-26T16:52:28.127Z"}}, {"model": "core.comentario", "pk": 84, "fields": {"texto": "Se aprenden las estructuras basicas para manejar datos y se aprende bastante bien el lenguaje Java. Las tareas suelen demandar harto tiempo, pero son super practicas y se aprende harto con ellas. \nEn general no me gusta la metodologia de Baloian para hacer clases, porque se basa demasiado en las diapositivas y avanza rapido. El otro profesor que dicta el ramo, profesor Poblete, explica mucho mejor y sus clases son mas entretenidas.", "profe": 9, "ramo": 4, "importancia_asistencia_catedra": 5, "importancia_asistencia_auxiliar": 7, "exigencia_ramo_profesor": 6, "metodos_profesor": 3, "recomienda": true, "semestre": "O", "year": 2016, "timestamp": "2017-06-26T16:52:28.127Z"}}, {"model": "core.comentario", "pk": 85, "fields": {"texto": "El profesor se perdia mucho en clases, sin embargo tiene una buena capacidad de ensenar la materia. En particular el ramo depende mucho de los ejercicios que se vean en las auxiliares, ya que el profesor no ve ejemplos (tipo controles) en clase.", "profe": 22, "ramo": 5, "importancia_asistencia_catedra": 4, "importancia_asistencia_auxiliar": 7, "exigencia_ramo_profesor": 6, "metodos_profesor": 4, "recomienda": true, "semestre": "P", "year": 2016, "timestamp": "2017-06-26T16:52:28.127Z"}}, {"model": "core.comentario", "pk": 86, "fields": {"texto": "El profesor es muy tierno y simpatico, se nota que maneja muy bien loa contenidos, pero los explica muy mal, de hecho no los explica, va escribiendo paso a paso desarrollos que el solo se entiende y con operaciones complicadas que se \"saca del bolsillo\", aunque obviamwente el lo resolvio antes. Su letra es bastante fea, lo que genera que cueste mucho seguirlo en su clase, pues habla bajo y ademas tampoco se le entiende lo que escribe. Con respecto a sus evaluaciones tienden a ser demasiaso largas y dificiles para el tiempo disponible, asi que generalmente se vive una masacre en la que no evalua conocimirnto, sino que rapidez. Un punto a destacar es que tiene su propio apunte, de esta manera existe un  respaldo de los contenidos que te pede servir mucho para consultarlo, aunque muchas veces se trabaja con un algebra tan complicada que cuesta entenderla. Otro punto negativo es que JAMaS explica el sentido fisico o la forma en que estos conocimientos se ven reflejados en la realidad. Con este profesor he aprendido a pautear y a resolver problemas de forma mecanica(que curioso esto), pero en realidad se menos fisica, la entiendo menos y me gusta menos que antes de entrar a la universidad.", "profe": 21, "ramo": 5, "importancia_asistencia_catedra": 2, "importancia_asistencia_auxiliar": 3, "exigencia_ramo_profesor": 7, "metodos_profesor": 1, "recomienda": false, "semestre": "O", "year": 2017, "timestamp": "2017-06-26T16:52:28.127Z"}}, {"model": "core.comentario", "pk": 87, "fields": {"texto": "Puse que no era muy importante la asistencia a catedra para APROBAR el ramo, sin embargo si se quiere aprender a profundidad los conceptos y de buena manera, ademas de algunos temas extras que trata el profesor, es muy recomendable ir a todas las clases.", "profe": 3, "ramo": 5, "importancia_asistencia_catedra": 3, "importancia_asistencia_auxiliar": 7, "exigencia_ramo_profesor": 5, "metodos_profesor": 7, "recomienda": true, "semestre": "O", "year": 2017, "timestamp": "2017-06-26T16:52:28.127Z"}}, {"model": "core.comentario", "pk": 88, "fields": {"texto": "De los mejorea profesores que he tenido en mi vida, en todos los sentidos posibles.", "profe": 0, "ramo": 4, "importancia_asistencia_catedra": 5, "importancia_asistencia_auxiliar": 6, "exigencia_ramo_profesor": 7, "metodos_profesor": 7, "recomienda": true, "semestre": "P", "year": 2016, "timestamp": "2017-06-26T16:52:28.127Z"}}, {"model": "core.comentario", "pk": 89, "fields": {"texto": "Es un curso dificil, pero no imposible. Si uno es constante repasando la materia (no llegar a 3 dias del control recien a estudiar al apunte) no solo se aprueba el curso sino que se aprende mucho, por lo menos en mi experiencia. \n\nSobre el profesor, si bien muchos reclaman que \"escribe\" el apunte en la pizarra, para mi era mas que eso. Pasa los contenidos como estan en el apunte, pero ese es nuestro libro de estudio, por lo cual si uno entiende las demostraciones y comentarios que hace en clases, luego en el estudio personal se digieren mucho mejor los contenidos del apunte (que de por si no es facil de entender por la redaccion del mismo).", "profe": 11, "ramo": 4, "importancia_asistencia_catedra": 6, "importancia_asistencia_auxiliar": 7, "exigencia_ramo_profesor": 6, "metodos_profesor": 5, "recomienda": true, "semestre": "P", "year": 2016, "timestamp": "2017-06-26T16:52:28.127Z"}}, {"model": "core.comentario", "pk": 90, "fields": {"texto": "Curso muy entretenido, util, aunque con cierto grado de complejidad. El profesor explica muy bien y los ejercicios de controles no son de una dificultad siniestra.", "profe": 8, "ramo": 5, "importancia_asistencia_catedra": 5, "importancia_asistencia_auxiliar": 5, "exigencia_ramo_profesor": 6, "metodos_profesor": 7, "recomienda": true, "semestre": "P", "year": 2015, "timestamp": "2017-06-26T16:52:28.127Z"}}, {"model": "core.comentario", "pk": 91, "fields": {"texto": "", "profe": 3, "ramo": 5, "importancia_asistencia_catedra": 7, "importancia_asistencia_auxiliar": 7, "exigencia_ramo_profesor": 5, "metodos_profesor": 7, "recomienda": true, "semestre": "O", "year": 2017, "timestamp": "2017-06-26T16:52:28.127Z"}}, {"model": "core.comentario", "pk": 92, "fields": {"texto": "Me sirvieron muchisimo las clases, entendia todo y varias de las cosas que se mencionaban en clases o que se hacian en las auxiliares entraban en los controles (aunque eran bastante dificiles, con medias no muy altas). Ese semestre el profe hizo ejercicios pero decia que no solia hacerlo, y el siempre tenia mucha disposicion para responder dudas o preguntarle lo que sea. Muy recomendado para quienes necesitan ir a la clase para aprender.", "profe": 22, "ramo": 5, "importancia_asistencia_catedra": 5, "importancia_asistencia_auxiliar": 6, "exigencia_ramo_profesor": 5, "metodos_profesor": 7, "recomienda": true, "semestre": "P", "year": 2016, "timestamp": "2017-06-26T16:52:28.127Z"}}, {"model": "core.comentario", "pk": 93, "fields": {"texto": "", "profe": 20, "ramo": 1, "importancia_asistencia_catedra": 3, "importancia_asistencia_auxiliar": 5, "exigencia_ramo_profesor": 6, "metodos_profesor": 2, "recomienda": false, "semestre": "P", "year": 2016, "timestamp": "2017-06-26T16:52:28.127Z"}}, {"model": "core.comentario", "pk": 94, "fields": {"texto": "Me gusta su caracter y como se toma la calma de explicar cada detalle. El curso es entretenido y senta las bases para lo que es el calculo en segundo ano, y en general para los ramos de ese ano.", "profe": 11, "ramo": 4, "importancia_asistencia_catedra": 4, "importancia_asistencia_auxiliar": 6, "exigencia_ramo_profesor": 4, "metodos_profesor": 7, "recomienda": true, "semestre": "P", "year": 2016, "timestamp": "2017-06-26T16:52:28.127Z"}}, {"model": "core.comentario", "pk": 95, "fields": {"texto": "", "profe": 14, "ramo": 5, "importancia_asistencia_catedra": 5, "importancia_asistencia_auxiliar": 7, "exigencia_ramo_profesor": 6, "metodos_profesor": 7, "recomienda": true, "semestre": "P", "year": 2011, "timestamp": "2017-06-26T16:52:28.127Z"}}, {"model": "core.comentario", "pk": 96, "fields": {"texto": "Muy motivado con la materia", "profe": 21, "ramo": 2, "importancia_asistencia_catedra": 5, "importancia_asistencia_auxiliar": 7, "exigencia_ramo_profesor": 4, "metodos_profesor": 6, "recomienda": true, "semestre": "P", "year": 2015, "timestamp": "2017-06-26T16:52:28.127Z"}}, {"model": "core.comentario", "pk": 97, "fields": {"texto": "Profe recomendado para pasar mecanica facilmente ", "profe": 17, "ramo": 5, "importancia_asistencia_catedra": 2, "importancia_asistencia_auxiliar": 5, "exigencia_ramo_profesor": 5, "metodos_profesor": 4, "recomienda": true, "semestre": "P", "year": 2016, "timestamp": "2017-06-26T16:52:28.127Z"}}, {"model": "core.comentario", "pk": 98, "fields": {"texto": "Excelente profesor", "profe": 8, "ramo": 5, "importancia_asistencia_catedra": 5, "importancia_asistencia_auxiliar": 5, "exigencia_ramo_profesor": 5, "metodos_profesor": 7, "recomienda": true, "semestre": "O", "year": 2015, "timestamp": "2017-06-26T16:52:28.127Z"}}, {"model": "core.comentario", "pk": 99, "fields": {"texto": "pasa la materia rapido, pero buenos auxiliares", "profe": 21, "ramo": 2, "importancia_asistencia_catedra": 3, "importancia_asistencia_auxiliar": 6, "exigencia_ramo_profesor": 5, "metodos_profesor": 5, "recomienda": true, "semestre": "P", "year": 2015, "timestamp": "2017-06-26T16:52:28.127Z"}}, {"model": "core.comentario", "pk": 100, "fields": {"texto": "Buen curso. Muy teorico, pero en las auxiliares se aterrizaba la materia", "profe": 21, "ramo": 5, "importancia_asistencia_catedra": 5, "importancia_asistencia_auxiliar": 7, "exigencia_ramo_profesor": 5, "metodos_profesor": 4, "recomienda": true, "semestre": "O", "year": 2013, "timestamp": "2017-06-26T16:52:28.127Z"}}, {"model": "core.comentario", "pk": 101, "fields": {"texto": "El profesor tiene muy buena disposicion pero no es muy claro al explicar. Las catedras se aprovechan mas si se estudia previamente del apunte; si no, se vuelven muy dificiles de entender. Las clases auxiliares son muy utiles para aprender a hacer los ejercicios y aterrizar la materia. A veces los controles pueden tener preguntas bastante dificiles.", "profe": 21, "ramo": 2, "importancia_asistencia_catedra": 3, "importancia_asistencia_auxiliar": 6, "exigencia_ramo_profesor": 5, "metodos_profesor": 2, "recomienda": false, "semestre": "P", "year": 2016, "timestamp": "2017-06-26T16:52:28.127Z"}}, {"model": "core.comentario", "pk": 102, "fields": {"texto": "Excelente profesor, motivado de que los alumnos estudien porque les gusta la materia y no por tener que dar una prueba, muy didactico explicando y al dificultad de los controles es normal", "profe": 6, "ramo": 2, "importancia_asistencia_catedra": 4, "importancia_asistencia_auxiliar": 7, "exigencia_ramo_profesor": 4, "metodos_profesor": 7, "recomienda": true, "semestre": "P", "year": 2016, "timestamp": "2017-06-26T16:52:28.127Z"}}, {"model": "core.comentario", "pk": 103, "fields": {"texto": "Ramo entretenido e interesante, pero bastante demandante de tiempo y ganas de estudiar. El profe muy agradable y maneja muy bien la materia, aun asi creo que podria mejorar un poco mas su metodo de ensenanza", "profe": 17, "ramo": 5, "importancia_asistencia_catedra": 5, "importancia_asistencia_auxiliar": 6, "exigencia_ramo_profesor": 6, "metodos_profesor": 6, "recomienda": true, "semestre": "P", "year": 2016, "timestamp": "2017-06-26T16:52:28.127Z"}}, {"model": "core.comentario", "pk": 104, "fields": {"texto": "El profesor tiene buena disposicion pero no es muy claro al explicar y las clases son poco motivantes. ", "profe": 9, "ramo": 1, "importancia_asistencia_catedra": 2, "importancia_asistencia_auxiliar": 3, "exigencia_ramo_profesor": 4, "metodos_profesor": 2, "recomienda": false, "semestre": "O", "year": 2017, "timestamp": "2017-06-26T16:52:28.127Z"}}, {"model": "core.comentario", "pk": 105, "fields": {"texto": "El profesor es excelente, mucha motivacion y claridad al explicar.", "profe": 0, "ramo": 4, "importancia_asistencia_catedra": 5, "importancia_asistencia_auxiliar": 6, "exigencia_ramo_profesor": 4, "metodos_profesor": 6, "recomienda": true, "semestre": "P", "year": 2015, "timestamp": "2017-06-26T16:52:28.127Z"}}, {"model": "core.comentario", "pk": 106, "fields": {"texto": "El mejor profe que tuve en plan comun", "profe": 3, "ramo": 2, "importancia_asistencia_catedra": 4, "importancia_asistencia_auxiliar": 6, "exigencia_ramo_profesor": 5, "metodos_profesor": 7, "recomienda": true, "semestre": "P", "year": 2016, "timestamp": "2017-06-26T16:52:28.127Z"}}, {"model": "core.comentario", "pk": 107, "fields": {"texto": "Primera vez que hace el ramo, explica claramente y hace resumenes de cada clase", "profe": 18, "ramo": 2, "importancia_asistencia_catedra": 5, "importancia_asistencia_auxiliar": 7, "exigencia_ramo_profesor": 4, "metodos_profesor": 5, "recomienda": true, "semestre": "O", "year": 2017, "timestamp": "2017-06-26T16:52:28.127Z"}}, {"model": "core.comentario", "pk": 108, "fields": {"texto": "He ido muy poco a clases, pero el profesor subio todas las clases, actualizando un pdf anadiendo la ultima clase, de forma que en un solo pdf se tenia toda la materia. Viendo las diapositivas y por comentarios de companeros que han ido, en clases no solo se preocupa de la materia, tambien repasa rapidamente lo que es la historia del electromagnetismo. El ramo no es tan imposible como la fama que tiene, pero es importante partir entendiendo los conceptos basicos, incluso de antes, como lo que es la corriente o el campo magnetico y como se relacionan, lo que permite entender mas rapidamente lo que se ve en el curso, y hacer hartos ejercicios, el Chi apana infinito.", "profe": 2, "ramo": 2, "importancia_asistencia_catedra": 1, "importancia_asistencia_auxiliar": 6, "exigencia_ramo_profesor": 5, "metodos_profesor": 5, "recomienda": true, "semestre": "O", "year": 2017, "timestamp": "2017-06-26T16:52:28.127Z"}}, {"model": "core.comentario", "pk": 109, "fields": {"texto": "Un ramo bastante tranquilo y entretenido, las tareas hacen que sea un poco pesado en trabajo, pero el resto es relativamente mas relajado.", "profe": 9, "ramo": 1, "importancia_asistencia_catedra": 3, "importancia_asistencia_auxiliar": 5, "exigencia_ramo_profesor": 4, "metodos_profesor": 6, "recomienda": true, "semestre": "O", "year": 2017, "timestamp": "2017-06-26T16:52:28.127Z"}}, {"model": "core.comentario", "pk": 110, "fields": {"texto": "Hay que ponerle harto empeno desde el principio, hacer muchos ejercicios. Los libros Morin y Symon apanan harto para entender los conceptos y los ejercicios de lo mas basico a lo mas dificil. El profe Romero es un amor, pero es dificil.", "profe": 14, "ramo": 5, "importancia_asistencia_catedra": 3, "importancia_asistencia_auxiliar": 6, "exigencia_ramo_profesor": 5, "metodos_profesor": 4, "recomienda": true, "semestre": "P", "year": 2016, "timestamp": "2017-06-26T16:52:28.127Z"}}, {"model": "core.comentario", "pk": 111, "fields": {"texto": "En particular semestre de verano, al ser solo un ramo se puede aprender y disfrutar completamente de los contenidos", "profe": 19, "ramo": 4, "importancia_asistencia_catedra": 5, "importancia_asistencia_auxiliar": 5, "exigencia_ramo_profesor": 4, "metodos_profesor": 7, "recomienda": true, "semestre": "V", "year": 2014, "timestamp": "2017-06-26T16:52:28.127Z"}}, {"model": "core.comentario", "pk": 112, "fields": {"texto": "no tomen a campusano por nada del mundo", "profe": 24, "ramo": 3, "importancia_asistencia_catedra": 1, "importancia_asistencia_auxiliar": 7, "exigencia_ramo_profesor": 6, "metodos_profesor": 1, "recomienda": false, "semestre": "P", "year": 2016, "timestamp": "2017-06-26T16:52:28.127Z"}}, {"model": "core.comentario", "pk": 113, "fields": {"texto": "El profesor tiene la mala costumbre de empezar a desarrollar problemas sin plantear antes que es lo que se busca, a veces se le pasa la mano con los controles o ejercicios y su no estas cerca de el no escucharas nada", "profe": 21, "ramo": 5, "importancia_asistencia_catedra": 5, "importancia_asistencia_auxiliar": 6, "exigencia_ramo_profesor": 6, "metodos_profesor": 5, "recomienda": false, "semestre": "O", "year": 2017, "timestamp": "2017-06-26T16:52:28.127Z"}}, {"model": "core.comentario", "pk": 114, "fields": {"texto": "Buen curso. Las clases son dictadas por el profesor en la pizarra, y prefiere que uno entienda el concepto a ser matraquero con formulas. No hay diapositivas. Hay tareas obligatorias que sirven para estudiar para los controles. Suben pautas de las auxiliares. Las pautas de los controles las hace el profesor en clase.", "profe": 22, "ramo": 2, "importancia_asistencia_catedra": 7, "importancia_asistencia_auxiliar": 7, "exigencia_ramo_profesor": 6, "metodos_profesor": 7, "recomienda": true, "semestre": "O", "year": 2015, "timestamp": "2017-06-26T16:52:28.127Z"}}, {"model": "core.comentario", "pk": 115, "fields": {"texto": "", "profe": 11, "ramo": 4, "importancia_asistencia_catedra": 2, "importancia_asistencia_auxiliar": 4, "exigencia_ramo_profesor": 5, "metodos_profesor": 7, "recomienda": true, "semestre": "P", "year": 2016, "timestamp": "2017-06-26T16:52:28.127Z"}}, {"model": "core.comentario", "pk": 116, "fields": {"texto": "", "profe": 8, "ramo": 5, "importancia_asistencia_catedra": 5, "importancia_asistencia_auxiliar": 7, "exigencia_ramo_profesor": 6, "metodos_profesor": 7, "recomienda": true, "semestre": "O", "year": 2011, "timestamp": "2017-06-26T16:52:28.127Z"}}, {"model": "core.comentario", "pk": 117, "fields": {"texto": "", "profe": 24, "ramo": 3, "importancia_asistencia_catedra": 6, "importancia_asistencia_auxiliar": 6, "exigencia_ramo_profesor": 5, "metodos_profesor": 5, "recomienda": true, "semestre": "P", "year": 2016, "timestamp": "2017-06-26T16:52:28.127Z"}}, {"model": "core.comentario", "pk": 118, "fields": {"texto": "El profe hace controles de la materia que en realidad esta pasando, no se va en la vola. Muchos ejemplos en clases", "profe": 14, "ramo": 5, "importancia_asistencia_catedra": 6, "importancia_asistencia_auxiliar": 6, "exigencia_ramo_profesor": 4, "metodos_profesor": 7, "recomienda": true, "semestre": "O", "year": 2017, "timestamp": "2017-06-26T16:52:28.127Z"}}, {"model": "core.comentario", "pk": 119, "fields": {"texto": "Tata sanchez es como un abuelo, pero uno entretenido, dan ganas de ir y seguir escuchando, eso si, la sala se llena totalmente y para tener silla hay que llegar mucho antes", "profe": 11, "ramo": 4, "importancia_asistencia_catedra": 5, "importancia_asistencia_auxiliar": 6, "exigencia_ramo_profesor": 4, "metodos_profesor": 6, "recomienda": true, "semestre": "P", "year": 2016, "timestamp": "2017-06-26T16:52:28.127Z"}}, {"model": "core.comentario", "pk": 120, "fields": {"texto": "Ramo de mierda se sufre. Brace yourselves.", "profe": 21, "ramo": 5, "importancia_asistencia_catedra": 5, "importancia_asistencia_auxiliar": 6, "exigencia_ramo_profesor": 6, "metodos_profesor": 5, "recomienda": true, "semestre": "O", "year": 2014, "timestamp": "2017-06-26T16:52:28.127Z"}}, {"model": "core.comentario", "pk": 121, "fields": {"texto": "Uno de los mejores profesores que he tenido en la facultad", "profe": 21, "ramo": 5, "importancia_asistencia_catedra": 6, "importancia_asistencia_auxiliar": 6, "exigencia_ramo_profesor": 5, "metodos_profesor": 7, "recomienda": true, "semestre": "P", "year": 2013, "timestamp": "2017-06-26T16:52:28.127Z"}}, {"model": "core.comentario", "pk": 122, "fields": {"texto": "El mejor profesor de la vida, motiva a los alumnos al gusto por la fisica.", "profe": 3, "ramo": 2, "importancia_asistencia_catedra": 6, "importancia_asistencia_auxiliar": 7, "exigencia_ramo_profesor": 4, "metodos_profesor": 7, "recomienda": true, "semestre": "P", "year": 2016, "timestamp": "2017-06-26T16:52:28.127Z"}}, {"model": "core.comentario", "pk": 123, "fields": {"texto": "", "profe": 23, "ramo": 1, "importancia_asistencia_catedra": 5, "importancia_asistencia_auxiliar": 3, "exigencia_ramo_profesor": 3, "metodos_profesor": 6, "recomienda": true, "semestre": "O", "year": 2016, "timestamp": "2017-06-26T16:52:28.127Z"}}, {"model": "core.comentario", "pk": 124, "fields": {"texto": "Un muy buen profesor, se preocupa de que los alumnos que asisten entiendan la materia, no hace el ramo dificil, lastima que las clases sean a las 8 de la manana.", "profe": 13, "ramo": 2, "importancia_asistencia_catedra": 4, "importancia_asistencia_auxiliar": 7, "exigencia_ramo_profesor": 4, "metodos_profesor": 7, "recomienda": true, "semestre": "O", "year": 2017, "timestamp": "2017-06-26T16:52:28.127Z"}}, {"model": "core.comentario", "pk": 125, "fields": {"texto": "Personalmente no me gustaba mucho la fisica,  pero Mecanica me parece uno de los ramos mas dificiles de plan comun y encontre las clases del profesor cordero super didacticas e hicieron que me encantara un poco con la fisica ", "profe": 21, "ramo": 5, "importancia_asistencia_catedra": 5, "importancia_asistencia_auxiliar": 6, "exigencia_ramo_profesor": 5, "metodos_profesor": 7, "recomienda": true, "semestre": "O", "year": 2016, "timestamp": "2017-06-26T16:52:28.127Z"}}, {"model": "core.comentario", "pk": 126, "fields": {"texto": "", "profe": 19, "ramo": 4, "importancia_asistencia_catedra": 1, "importancia_asistencia_auxiliar": 6, "exigencia_ramo_profesor": 4, "metodos_profesor": 1, "recomienda": false, "semestre": "O", "year": 2013, "timestamp": "2017-06-26T16:52:28.127Z"}}, {"model": "core.comentario", "pk": 127, "fields": {"texto": "El profe es super buena onda, en especial para quienes nos cuesta c:", "profe": 10, "ramo": 0, "importancia_asistencia_catedra": 7, "importancia_asistencia_auxiliar": 7, "exigencia_ramo_profesor": 5, "metodos_profesor": 5, "recomienda": true, "semestre": "P", "year": 2016, "timestamp": "2017-06-26T16:52:28.127Z"}}, {"model": "core.comentario", "pk": 128, "fields": {"texto": "El profesor \"castiga\" de alguna manera realizando preguntas de materia vista en clases ya que luego de 2 semanas son practicamente 10 personas (maximo) las que siguen su catedra.\nLa asistencia al auxiliar es fundamental, primero porque se haceb ejercicios evaluados y porque son necesarios para comprender la materia", "profe": 12, "ramo": 0, "importancia_asistencia_catedra": 6, "importancia_asistencia_auxiliar": 7, "exigencia_ramo_profesor": 5, "metodos_profesor": 2, "recomienda": true, "semestre": "P", "year": 2015, "timestamp": "2017-06-26T16:52:28.127Z"}}, {"model": "core.comentario", "pk": 129, "fields": {"texto": "El profesor \"castiga\" de alguna manera realizando preguntas de materia vista en clases ya que luego de 2 semanas son practicamente 10 personas (maximo) las que siguen su catedra.\nLa asistencia al auxiliar es fundamental, primero porque se haceb ejercicios evaluados y porque son necesarios para comprender la materia", "profe": 12, "ramo": 0, "importancia_asistencia_catedra": 6, "importancia_asistencia_auxiliar": 7, "exigencia_ramo_profesor": 5, "metodos_profesor": 2, "recomienda": true, "semestre": "P", "year": 2015, "timestamp": "2017-06-26T16:52:28.127Z"}}, {"model": "core.comentario", "pk": 130, "fields": {"texto": "", "profe": 17, "ramo": 5, "importancia_asistencia_catedra": 5, "importancia_asistencia_auxiliar": 7, "exigencia_ramo_profesor": 6, "metodos_profesor": 5, "recomienda": true, "semestre": "O", "year": 2017, "timestamp": "2017-06-26T16:52:28.127Z"}}, {"model": "core.comentario", "pk": 131, "fields": {"texto": "", "profe": 4, "ramo": 4, "importancia_asistencia_catedra": 3, "importancia_asistencia_auxiliar": 7, "exigencia_ramo_profesor": 5, "metodos_profesor": 2, "recomienda": false, "semestre": "O", "year": 2016, "timestamp": "2017-06-26T16:52:28.127Z"}}, {"model": "core.comentario", "pk": 132, "fields": {"texto": "Holi yo tome con fuenzalida por que me dijeron que era la pasta misma ,  magna falacia , es un ramo dificil.\nFuenzalida Hizo ejercicios que te obligaban a por lo menos saber que estamos hablando todas la semanas , estos eran del tipo si sabe justifique , sino invente algo convincente \nEn los controles siempre estaba la pregunta de ciclo y el examen igual !!!!!!\nesto es lo mas importante en termo , por lo menos yo quede crack pa ciclos de todo tipo\nEn general tambien habian preguntas donde no era solo calculo mas bien del tipo \n\u00bfusted que cree que pasa?o invente un proceso y dado ese proceso calcule\nesto me parece realmente genial , una misma pregunta puede tener muchas respuestas\nEn general aunque empece mal me encanto el ramo \nCuando lo di estubo lejos de ser la pasta que pense , pero si estudias y sabes lo que es cada cosa (y no te da miedo la matraca en los ciclos) se puede aprobar sin problemas\n , pd estudie de las diapos del Profe Blanc , son casi un apunte esas cosas ", "profe": 16, "ramo": 3, "importancia_asistencia_catedra": 4, "importancia_asistencia_auxiliar": 6, "exigencia_ramo_profesor": 4, "metodos_profesor": 6, "recomienda": true, "semestre": "P", "year": 2016, "timestamp": "2017-06-26T16:52:28.127Z"}}, {"model": "core.comentario", "pk": 133, "fields": {"texto": "Holi cuando yo di el ramo , lo pase a puro resumen y ejercicios de anos anteriores\nRecomiendo estudiar por su cuenta los ramos coordinados , ir a clases ayuda mucho \nSi no ,igual bien se puede estudiar solo en la casa perfectamente\nMi auxiliar no subia pauta  y yo no anoto , entonces quedaba medio a la iterperie cuando no cachaba algo al ver el aux en mi casa\nbusque aux y pautas en el semestre beta de ese ano y me fue super bien y pase super tranquilo (me eximi de hecho )", "profe": 0, "ramo": 4, "importancia_asistencia_catedra": 1, "importancia_asistencia_auxiliar": 1, "exigencia_ramo_profesor": 4, "metodos_profesor": 7, "recomienda": true, "semestre": "P", "year": 2015, "timestamp": "2017-06-26T16:52:28.127Z"}}, {"model": "core.comentario", "pk": 134, "fields": {"texto": "Holas Mecanica con Cordero es un ramo exigente , pero el profesor no raja para nada.\nSus problemas son problemas con matraca ligera , no son faciles para nada , pero si cachai los de los auxiliares estai dado pa un 5 tranqui.\nComo comentario los ramos que he dado con Cordero el tiende a dejarle la responsabilidad del ramo a sus Auxiliares , especificamente al Auxiliar Mayor\nhe dado dos ramos con el , y en ambos el que el alumno de sexto proponia problemas , muchas veces entreban en la prueba 1 o 2\nEl profe no pesca el foro , pero si es muy preocupado en clases si no entendiste algo lo repite y si denuevo no entiendes sube material explicandolo\nun viejo crack\n", "profe": 21, "ramo": 5, "importancia_asistencia_catedra": 1, "importancia_asistencia_auxiliar": 7, "exigencia_ramo_profesor": 4, "metodos_profesor": 4, "recomienda": true, "semestre": "P", "year": 2016, "timestamp": "2017-06-26T16:52:28.127Z"}}, {"model": "core.comentario", "pk": 135, "fields": {"texto": "Holi este ano el curso fue un poco mas dificil de lo normal\nlos controles 1 y 2 estuvieron normales tiraos pa dificil pero nada del otro mundo.\nPero el c3 fue algo espantoso el control mas dificil que he dado en mi vida \nel propio Roberto Chi nos dijo que estaba imposible\nesto pasa por que Cordero escucha mucho a sus Auxiliares y les da mucha libertad para poner preguntasen los controles y esa vez se pasaron \npero el examen estuvo mucho mas tranqui \n Aun asi fue un bonito curso , tuve la suerte de tener a Roberto y Fabian Grandes Aux ,y demasiado preocupados siempre subian pauta y programaban aux extras\nLo malo del curso es lejos tener  ejercicios todas la semanas los aux se hacian poco y era un poco estresante estudiar electro todas las semanas\ny era ejercicios de real no de 10 minutos \nA diferencia de mecanica en electro no lo recomiendo , mejor Palma o Vargas ", "profe": 21, "ramo": 2, "importancia_asistencia_catedra": 1, "importancia_asistencia_auxiliar": 7, "exigencia_ramo_profesor": 6, "metodos_profesor": 3, "recomienda": true, "semestre": "P", "year": 2016, "timestamp": "2017-06-26T16:52:28.127Z"}}, {"model": "core.comentario", "pk": 136, "fields": {"texto": "Este profesor hizo el curso accesible, pero creo que por el nivel de aprobacion que tuvo, no lo dio de nuevo", "profe": 1, "ramo": 2, "importancia_asistencia_catedra": 1, "importancia_asistencia_auxiliar": 1, "exigencia_ramo_profesor": 4, "metodos_profesor": 4, "recomienda": true, "semestre": "O", "year": 2015, "timestamp": "2017-06-26T16:52:28.127Z"}}, {"model": "core.comentario", "pk": 137, "fields": {"texto": "Para mi el profesor explicaba muy bien y era muy preocupado por el aprendizaje de los alumnos, le importaba que todos respondieran sus dudas en clases. Di el ramo dos veces, pero la segunda vez con Cordero teniendo clara la primera parte del curso, que para mi es la mas dificil, el ramo es \"facil\" con estudio.", "profe": 21, "ramo": 5, "importancia_asistencia_catedra": 5, "importancia_asistencia_auxiliar": 7, "exigencia_ramo_profesor": 5, "metodos_profesor": 6, "recomienda": true, "semestre": "P", "year": 2016, "timestamp": "2017-06-26T16:52:28.127Z"}}, {"model": "auth.permission", "pk": 331, "fields": {"name": "Can add log entry", "content_type": 111, "codename": "add_logentry"}}, {"model": "auth.permission", "pk": 332, "fields": {"name": "Can change log entry", "content_type": 111, "codename": "change_logentry"}}, {"model": "auth.permission", "pk": 333, "fields": {"name": "Can delete log entry", "content_type": 111, "codename": "delete_logentry"}}, {"model": "auth.permission", "pk": 334, "fields": {"name": "Can add permission", "content_type": 112, "codename": "add_permission"}}, {"model": "auth.permission", "pk": 335, "fields": {"name": "Can change permission", "content_type": 112, "codename": "change_permission"}}, {"model": "auth.permission", "pk": 336, "fields": {"name": "Can delete permission", "content_type": 112, "codename": "delete_permission"}}, {"model": "auth.permission", "pk": 337, "fields": {"name": "Can add group", "content_type": 113, "codename": "add_group"}}, {"model": "auth.permission", "pk": 338, "fields": {"name": "Can change group", "content_type": 113, "codename": "change_group"}}, {"model": "auth.permission", "pk": 339, "fields": {"name": "Can delete group", "content_type": 113, "codename": "delete_group"}}, {"model": "auth.permission", "pk": 340, "fields": {"name": "Can add user", "content_type": 114, "codename": "add_user"}}, {"model": "auth.permission", "pk": 341, "fields": {"name": "Can change user", "content_type": 114, "codename": "change_user"}}, {"model": "auth.permission", "pk": 342, "fields": {"name": "Can delete user", "content_type": 114, "codename": "delete_user"}}, {"model": "auth.permission", "pk": 343, "fields": {"name": "Can add content type", "content_type": 115, "codename": "add_contenttype"}}, {"model": "auth.permission", "pk": 344, "fields": {"name": "Can change content type", "content_type": 115, "codename": "change_contenttype"}}, {"model": "auth.permission", "pk": 345, "fields": {"name": "Can delete content type", "content_type": 115, "codename": "delete_contenttype"}}, {"model": "auth.permission", "pk": 346, "fields": {"name": "Can add session", "content_type": 116, "codename": "add_session"}}, {"model": "auth.permission", "pk": 347, "fields": {"name": "Can change session", "content_type": 116, "codename": "change_session"}}, {"model": "auth.permission", "pk": 348, "fields": {"name": "Can delete session", "content_type": 116, "codename": "delete_session"}}, {"model": "auth.permission", "pk": 349, "fields": {"name": "Can add ramo", "content_type": 117, "codename": "add_ramo"}}, {"model": "auth.permission", "pk": 350, "fields": {"name": "Can change ramo", "content_type": 117, "codename": "change_ramo"}}, {"model": "auth.permission", "pk": 351, "fields": {"name": "Can delete ramo", "content_type": 117, "codename": "delete_ramo"}}, {"model": "auth.permission", "pk": 352, "fields": {"name": "Can add profe", "content_type": 118, "codename": "add_profe"}}, {"model": "auth.permission", "pk": 353, "fields": {"name": "Can change profe", "content_type": 118, "codename": "change_profe"}}, {"model": "auth.permission", "pk": 354, "fields": {"name": "Can delete profe", "content_type": 118, "codename": "delete_profe"}}, {"model": "auth.permission", "pk": 355, "fields": {"name": "Can add comentario", "content_type": 119, "codename": "add_comentario"}}, {"model": "auth.permission", "pk": 356, "fields": {"name": "Can change comentario", "content_type": 119, "codename": "change_comentario"}}, {"model": "auth.permission", "pk": 357, "fields": {"name": "Can delete comentario", "content_type": 119, "codename": "delete_comentario"}}, {"model": "auth.permission", "pk": 358, "fields": {"name": "Can add sugerencia", "content_type": 120, "codename": "add_sugerencia"}}, {"model": "auth.permission", "pk": 359, "fields": {"name": "Can change sugerencia", "content_type": 120, "codename": "change_sugerencia"}}, {"model": "auth.permission", "pk": 360, "fields": {"name": "Can delete sugerencia", "content_type": 120, "codename": "delete_sugerencia"}}, {"model": "auth.user", "pk": 12, "fields": {"password": "pbkdf2_sha256$24000$0iTtxuOF4fpL$31ubDPXQz1jr+AE/NmJ5BnGqTGxJGiKctOkMSUxUzEE=", "last_login": "2017-06-27T02:58:17.708Z", "is_superuser": true, "username": "admin", "first_name": "", "last_name": "", "email": "", "is_staff": true, "is_active": true, "date_joined": "2017-06-26T18:54:09.639Z", "groups": [], "user_permissions": []}}]